Name,Screen_Name,"Created At"
" "," "," "
Anand,AndyBambhania,"05/09/2018 08:36:08"
websevendev,websevendev,"23/07/2016 17:39:36"
"Sadat Hossain",SadatHossain_,"19/01/2018 21:19:20"
Divu😚,Divya_shingala,"18/03/2018 03:26:55"
"Niraj visana",Niraj_visana,"20/03/2012 06:11:02"
rtTest,rt_test1,"04/11/2010 08:15:57"
"Mehran Mohammadi",Mehran7293,"06/05/2017 19:15:07"
"Strive Digital",strivedigi,"26/04/2012 14:52:26"
WPdrift.IO,WPdriftIO,"09/06/2018 19:31:55"
"Warnas Solutions",warnassolutions,"06/04/2017 16:27:46"
"Govind Kumar",gkloveweb,"19/01/2016 11:49:09"
"chheta jayesh d.",100jayesh,"27/06/2015 13:58:25"
"Eduardo Pittol",edpittol,"21/01/2009 13:20:34"
Bibblio,Bibblio_org,"08/08/2013 17:08:46"
"Yos Beda",yosbeda,"30/10/2009 06:29:00"
paidfreedroid.com,PaidFreeDroid,"05/06/2013 07:30:10"
"Rian M. Kinney, Esq.",TheKinneyFirm,"02/02/2010 07:39:09"
"kapil Kaklotar",Kapil_Kaklotar,"28/01/2016 16:42:35"
"David Hartley",davidhartleyllc,"21/01/2018 03:50:25"
"Prateek Gangwal",prateek2104,"07/01/2015 04:22:30"
"Gyanendra Thapa",Gyanend33695000,"26/07/2018 07:57:17"
"LM Servicios",lmelectro,"19/08/2014 00:29:32"
"manish upadhyay",umanish21,"01/09/2014 15:51:46"
"Naveen Kharwar",naveenkharwar0,"24/01/2015 00:23:31"
Supun.D.Kaduwela,SupunDKaduwela,"17/04/2017 12:31:07"
"Nikhil Agrawal ✌️",NikhilAgrawal44,"02/02/2012 13:32:56"
"Sanam Khan",SanamKh44852761,"15/07/2018 12:18:55"
"Neel Dholakia",DholakiaNeel,"13/08/2012 15:24:21"
"Velli Aunty",mangopeace,"16/05/2010 12:42:07"
Manisha.S.Mohod,manishasubhashm,"02/09/2011 14:20:18"
J-m-e,_jmele,"15/10/2011 01:42:59"
"Daryl Rozàrio",DarylRozario,"13/11/2014 06:58:43"
WPPoland,WPPoland,"11/10/2017 20:12:57"
"Kamlesh Nishad",imkamleshnishad,"15/03/2011 02:54:06"
"Душан Стошић",dussto,"09/03/2013 18:02:34"
"Girish Tarwatkar",Girish_WebDsgnr,"22/07/2011 11:57:22"
"Oisín O'Connor",OConnorOisin,"18/07/2010 18:21:17"
"Raju Bajrang  Madhawale",RMadhawale,"13/06/2018 19:23:15"
"Mark Zahra",markzahra,"09/05/2009 16:18:18"
"Rob Record",robrecord,"02/04/2007 16:22:38"
Robin,robincingh,"03/09/2009 18:00:35"
"Jay Bagtharia",bagtharia1212,"16/01/2011 10:08:48"
Pushparaj,pushparaj26,"09/03/2010 08:59:43"
"Fernando Lopes",fernandolopes,"18/03/2008 15:18:56"
"Steven Christensen",StevenleviC,"12/12/2010 04:13:27"
"Tremi Dkhar",TremiDkhar,"03/10/2011 11:17:08"
"Nirja Shah",NirjaShah3,"07/06/2018 10:41:29"
Academ,AcademWeb,"04/11/2015 12:31:00"
"Kirtan Gajjar",kirtan95,"17/09/2013 03:32:28"
"Roger Theriault",rogertheriault,"21/02/2010 17:31:13"
"Eileen Kane",EileenMKane,"29/09/2009 19:59:22"
"BigStartups Invitations",BigInvites,"11/05/2018 10:44:18"
Sayed,Sayed90915766,"11/02/2018 13:26:06"
"Vatsal Shah",vatsalshah,"29/09/2008 05:35:01"
"Saurabh Dixit",saurabhsirdixit,"22/11/2011 12:24:16"
vaibhav,vai_bhava,"30/03/2009 06:37:31"
"sunil dora",sunildora94,"19/01/2015 05:09:13"
"Aditi Khurana",Aditisktthemes,"03/05/2018 06:24:37"
"Scott Winterroth",wpweteach,"24/10/2010 19:36:21"
Mohammed,khanmyn4,"24/07/2014 04:22:47"
Faond,Faond,"20/03/2018 19:35:16"
"WordCamp Nagpur",wcnagpur,"10/03/2017 04:54:22"
"Jhonny Robson",jhonnyrobson,"31/12/2012 21:52:40"
"utkarsh Raut",utkarshRaut4,"19/05/2018 17:17:00"
GrandWorks,grandworksco,"04/11/2017 11:44:24"
"Rahul Pande",rxpande,"14/08/2015 06:10:05"
ManMouji,kaustubhchate,"11/01/2009 11:01:10"
"Harsha Chelle",HarshaChelle,"06/09/2013 04:44:29"
myCRED,my_cred,"16/04/2015 19:37:39"
"My Professional Profile",MyProProfile,"09/04/2018 04:29:07"
"Utsav Singh Rathour",rathour,"27/03/2009 12:23:06"
"Zannatul Fardous",zannatbd61,"15/04/2018 13:57:34"
"shamsher khan",shamsheranjum,"03/10/2009 11:09:57"
"ʜᴀʏᴅᴇɴ ʙ ᴅᴇɴɴɪs",haydenbdennis,"10/04/2018 15:46:52"
"Bhargav Mehta",iambhargavmehta,"09/08/2012 04:58:58"
WPMeta,wpmeta,"17/08/2015 04:35:27"
"John Maeda",johnmaeda,"13/07/2008 13:51:22"
"sujon mahamud",sujonm464,"12/02/2015 21:36:18"
"Wulfrics Web Studio Pvt Ltd",Silentguardian7,"02/03/2014 03:06:03"
"Lisa Schuyler",lschuyler,"06/03/2008 18:00:08"
simrun,SimranSinghPat3,"24/09/2016 07:12:21"
"Ahamed Sha",sha007T,"19/04/2013 07:01:46"
"Yuvraj Vaghela",deskroid,"23/10/2011 14:35:28"
"Sumant Luhar",LoharSumant,"19/04/2016 05:07:15"
Sanskruti,Sanskru2001,"08/04/2018 10:34:08"
"Yash Chandra",yashchandra,"30/06/2009 21:13:58"
David,DavidArtiss,"22/11/2010 15:28:54"
"Michael Cordova",21stsoftPres,"07/11/2011 19:06:45"
"Harshit Shingala",harshit_php,"21/11/2014 07:30:35"
WPBlogX,wpblogx,"17/10/2017 13:52:46"
shreyans,shreyans_94,"04/10/2010 15:08:08"
"Malav Vasita",malavvasita,"07/12/2013 08:17:57"
"Priya Dinkar Nipunge",PNipunge,"14/03/2018 04:02:15"
"Priyanka B.",barotpriyanka,"08/05/2010 03:37:53"
"Kuldip Vadalia",KuldipVadalia,"06/10/2013 13:44:10"
Kishan_Gelani,GelaniKishan,"27/03/2018 14:26:15"
"Radiant Systems India Pvt Ltd",radiantsys_ind,"27/02/2018 16:07:33"
快活樹,brisktree,"06/10/2016 16:35:17"
Techjoomla,techjoomla,"30/01/2009 09:50:08"
ANG,baoang,"07/04/2009 20:04:03"
"Two Points Software",Two_Points_Soft,"20/03/2018 11:09:35"
"pradip patil",pradipp46424918,"31/12/2017 03:45:20"
PageSpeed+,PageSpeedPlus,"26/01/2017 15:29:41"
"Morgan Silveira",SilveiraMorgan,"04/08/2012 06:16:06"
"shree vitkar",shree_vitkar,"15/04/2016 04:48:21"
"WP DevMetrics",wpdevmetrics,"14/03/2018 06:30:37"
"Karan NA Gupta",karannagupta,"25/01/2018 04:57:58"
"Jakob Smith",omkalfatring,"01/09/2010 13:07:18"
"Lady Anne",OyetunjiHannah,"15/01/2018 11:10:22"
"Sagar Paudel",Sagar_pdel30,"07/02/2013 17:33:16"
"Thrijith Thankachan",3gth,"28/02/2011 14:15:20"
"Kapil Sarode",KapilSarode4,"04/03/2018 07:03:30"
"Anuradha Katkhede",AnuradhaKatkhe1,"21/01/2018 11:17:01"
ThemeBanker.Com,themebanker,"25/02/2018 12:17:16"
"Shivajiraje Dhumal",ShivajirajeD,"01/09/2017 02:01:59"
"Sagar nasit",sagarnasit,"05/07/2013 16:17:40"
"BHUPENDRA SINGH",BHUPENDRA2909,"27/03/2016 19:01:24"
"Hitendra Rathore",anonymous_raft,"06/12/2011 05:49:04"
"John Bevan",bevangelist,"18/06/2007 08:41:41"
"Mary Job",maryojob,"18/09/2010 13:33:47"
Digitalisle,digitalisle,"23/09/2013 17:06:17"
"Sahdevsinh Vaghela",SahdevsinhVagh5,"28/01/2018 09:09:54"
Yusufmomin,Yusufmomin9,"31/01/2018 05:19:58"
"Navanath Ashok Patole",NavanathAshok,"02/02/2018 08:24:10"
"Alan Soon / @SpliceNewsroom",alansoon,"02/11/2007 05:45:09"
"RAJU GINNE",Getluckybyme,"22/04/2012 16:16:23"
"Shay Seferstein",ShaySeferstein,"02/07/2013 12:35:04"
"Chi Studio",Chi_Studio,"14/07/2011 14:59:32"
"Fayaj Khan",F7303991333,"26/01/2018 04:30:04"
"Hiren Purohit",HirenPurohit,"19/03/2010 03:47:17"
Amit,A__m_i__t,"25/01/2018 17:03:48"
wwwebsites.net,WwwebsitesN,"25/01/2018 09:03:53"
"Ravat Parmar",ravatparmar,"05/05/2014 10:42:38"
Kk,K51508214,"22/12/2017 18:32:15"
Narendrasingh,Narendr05130367,"05/01/2018 12:46:59"
"Nilesh G",SaltTechno,"16/08/2012 10:33:53"
"Reddragon OS",reddragonOS,"11/04/2012 09:55:48"
Ali,lamekila,"16/07/2010 20:59:54"
Ostrobogulous,thedevcorn,"04/08/2013 14:55:52"
Navneet,SharmaNavneet_,"30/04/2016 19:48:24"
"Pravi Patil",patil_pravi,"08/12/2017 03:27:11"
"Maruti Chavan",MarutiChavan55,"25/05/2017 13:47:19"
gridpane,gridpane,"26/09/2017 18:40:29"
"WAGHMARE YUVRAJ RAGHUNATH",WAGHMAREYUVRAJ2,"04/12/2017 10:47:55"
"Pratik Raj",rajpratik711,"14/06/2014 08:30:04"
"Ramesh Dayama",daymaparbhani2,"27/10/2016 13:20:03"
BestWebsiteMigration,BestMigration,"07/08/2017 20:28:21"
WPCruiseControl,WPCruiseCtrl,"10/10/2017 12:10:39"
"Bengaluru Wordpress",BengaluruWP,"31/07/2015 05:22:44"
"Balaji Ghodake",BalajiGhodake2,"15/10/2017 10:24:54"
"Lionel Pieniazek",fricandeeu,"26/04/2010 01:16:01"
"Ashish PATEL",AshishP37608961,"02/05/2017 09:41:31"
"Rahul Reddy 🇮🇳",doddyreddy,"04/02/2016 08:48:23"
CustomPress,WPCustomPress,"27/11/2017 11:37:16"
Ashok,Ashok1111111111,"30/11/2017 16:58:01"
"Tim Nolte",tnolte,"28/01/2007 04:30:49"
Bubi,bubithebear,"10/11/2017 07:53:11"
"Fahad Shakeel",FahadShakeel,"30/07/2009 19:15:02"
Micanmoise,Micanmoise1,"24/08/2017 23:52:38"
"Thierry Muller",TweetyThierry,"21/01/2014 13:56:23"
"Tom Hirst",tom_hirst,"26/05/2009 18:57:23"
"संतोष बौद्ध  💐💐",SantoshBorker4,"01/11/2017 03:04:27"
"Hapih Host",HapihHost,"17/11/2017 08:00:39"
"Sudesna Banerjee",sudesna_b,"14/09/2015 12:06:38"
"WordCamp Ahmedabad",WCAhmedabad,"07/04/2017 06:54:05"
Abdullah,Software_abi,"15/06/2011 19:01:32"
"Blitzcrig WordPress",BlitzcrigWordP1,"03/09/2017 12:18:38"
Front,FrontApp,"30/01/2013 16:29:33"
"Dhruv Pandya (dp)",dhruvpandyadp,"11/04/2014 07:38:33"
intiGrow_Staffing,igrowstaff,"10/07/2017 11:51:19"
"Nilesh Gadekar",nilesh_gadekar,"27/04/2010 06:06:16"
"Aritz Madariaga",eifersucht,"12/05/2008 21:51:04"
"Satish Mudaliar",wittysatish,"20/06/2010 07:12:49"
"Sagar Deshmukh",starsagar91,"25/10/2013 09:09:35"
"M.Shahid Patel",Patel_mShahid,"13/10/2012 10:30:41"
"David Greenwald",davidegreenwald,"09/08/2008 20:38:29"
sankhalainfosol,sankhalainfosol,"20/05/2010 16:34:30"
"Josh Pollock",Josh412,"28/02/2009 02:14:37"
"Lincoln Cristiano",lincolnxadm,"13/07/2016 19:30:21"
"Anurag Deshmukh",anu_deshmukh27,"18/08/2011 12:15:43"
"Gabriel Pierce",GabrielPierceIT,"23/11/2015 16:42:54"
kets,ketanumretiya,"30/03/2013 07:31:34"
"WordPress Agency",wpdesignagency,"16/08/2017 17:21:13"
"Saad Iqbal",saadyiqbal,"23/10/2008 14:34:59"
"M. Syarif Hidayat",syarifqwerty,"14/01/2010 14:50:56"
"Vijay Bhumre",vijaybhumre,"04/12/2009 06:30:38"
"Akash Padhiyar",akash_padhiyar,"05/09/2009 12:19:40"
"Nilesh Lagdhir",nlagdhir,"28/11/2014 12:10:43"
"Reload Web",reloadwebuk,"09/01/2011 22:01:26"
"Abhijeet Bendre",tymescripts,"20/03/2017 03:21:36"
"SAYAN NASKAR",sayannaskar,"14/03/2010 15:16:28"
"سماعي محمد سماعي",PgJUHMTuenvNbFk,"09/01/2016 07:09:20"
"Gaurav Bhardva",GauravBhardva,"16/08/2012 10:34:24"
"Paresh Panchal",paresh9925,"01/09/2010 18:33:43"
"Manisha Makhija",Manishamakhija5,"16/08/2017 16:37:14"
"Maurice M. López",philos_moka,"02/08/2011 15:15:40"
"vishal kakadiya",vishalkakadiya,"04/04/2011 15:18:25"
"Kaumudi Parmar",KaumudiParmar,"02/08/2017 16:44:21"
"BALDEV PARMAR",imbaldevparmar,"02/05/2012 15:54:07"
Kishore,kish2011_,"04/07/2016 12:55:36"
"Bhagat Harsh",bhagatharsh1992,"21/04/2014 15:32:20"
"Fajar Siddiq👨🏻‍💻",fajarsiddiqFS,"23/10/2010 17:49:21"
"deepak 🚀",happy2deepak,"24/04/2009 15:57:43"
"Nizam Uddin",Nizam5428,"05/09/2009 03:51:40"
"Nisarg Pandya",pandyaanisarg,"08/07/2016 11:19:06"
"Abdullah K",abdullah17,"29/05/2009 12:20:54"
"Hemratna Bhimani",hemratna,"23/12/2009 14:49:01"
"Bhargav Anadkat",bhargavlalo,"21/03/2009 11:28:22"
Gunjan,gunjanp1992,"23/06/2011 18:10:03"
"Varun Sharma",varunsharmatech,"06/12/2016 04:48:02"
"adnan Limdiwala",adnan_limdi,"18/04/2015 12:27:15"
"abhishek abhi",abhishe16630781,"28/12/2013 06:09:09"
CharliePatel,charliepatel,"27/11/2008 02:59:51"
"WebSnacks - Digital Agency",TeamWebSnacks,"13/05/2016 17:24:45"
"Shashwat Mittal",ShashWhatMittal,"30/06/2009 17:35:51"
"Chamod Sandaru",ChamiyaSS,"01/07/2015 01:30:54"
ODDLY,ODDLYhq,"11/10/2012 13:24:23"
"Dave Barr",barrd,"23/09/2008 10:03:47"
A.A.N.P.Athauda,n_athauda,"03/03/2017 03:17:17"
"Baluram Kumawat",baluramk6,"28/11/2011 16:22:02"
"Sonal Sinha",sonalsinha21,"21/01/2009 06:13:58"
Dimple,Dimpz238,"20/09/2017 12:13:28"
Firoz,firoz2456,"23/06/2009 10:50:38"
"Alexandre Lucchi",AlexandreLucchi,"12/06/2013 17:13:16"
"Amit Merchant",amit_merchant,"08/11/2009 07:08:08"
"Mahesh Prajapati",hey_mahesh,"21/02/2012 17:57:38"
FuzzFree.com,fuzzfreecom,"27/08/2008 22:55:02"
"Ravi Shah",rkshah263,"02/07/2013 06:42:11"
"Sibtain Zaheer 🇮🇳",dotcomfolk,"21/06/2009 15:47:45"
"Ankur Raheja",advocatedomains,"09/11/2009 05:51:29"
"Maedah Batool 👩‍💻",MaedahBatool,"18/09/2013 05:43:24"
"Deepak Wadhwa",Deepak_Wadhwa10,"06/10/2009 18:48:07"
Shailesh,shailpatel,"18/06/2007 05:03:41"
"Rohan Ranjan",rohan0031,"31/03/2015 08:37:02"
"Chintan Patel",chintan97patel,"25/06/2015 13:20:12"
WPKozhikodeCommunity,wpkozhikode,"13/08/2017 13:02:05"
"David Paul Krug",davidpaulkrug,"30/05/2009 00:32:00"
"Gaurav Srivastava 🗨",digitalgauravdm,"13/10/2010 04:53:03"
CrowdedTent,crowdedtent,"04/01/2011 17:34:20"
J_Strotmann,JStrotmann,"11/03/2010 01:29:16"
"Renato Alves",RenatoNascAlves,"21/05/2010 14:55:19"
Norris,justnorris,"08/02/2009 21:54:45"
"Abhijit Rakas",ABHIJIT_RAKAS,"16/11/2011 03:20:31"
JJ,jessuppi,"28/02/2012 15:19:13"
"George Gkouvousis",ggloveswp,"14/11/2010 12:53:48"
"8web Interactive",8webinteractive,"11/05/2013 16:03:48"
"Mathieu Zwygart",mzwygart,"13/08/2009 15:09:16"
"Manisha Kothari",kotharimanisha1,"26/07/2017 12:05:43"
"my thoughts",thelifeispost,"15/07/2017 14:14:00"
C:/Users/HenriqueP/Outros/Hard/Dark/Evidências.mp3,HenriquePicanco,"06/12/2012 00:24:12"
VirtuBox,VirtuBox,"16/11/2012 13:41:34"
"Pankaj Kumar",impankajk,"02/12/2011 19:03:19"
"shreyash Dubey",shrey311,"10/01/2014 10:01:06"
"WP Auror",wpauror,"11/03/2017 19:36:33"
"Tanmay Srivastava",tanmaysriv,"15/11/2016 12:07:24"
"Arun Singh",devArun_,"13/02/2011 15:33:50"
"Dhruvin Shah",DhruvinShah8,"31/10/2012 17:47:03"
"Rishabh Verma",lapeasy,"06/03/2015 06:58:07"
"Prashant Kumar",goldenmaths,"05/04/2009 21:33:26"
"Mohd. Ebaad",ebaaduen,"02/08/2016 10:28:31"
"Hitanshu Sahu 💻📸",Phantom_cluster,"31/05/2011 04:40:48"
"Pratik Patel",pratik_qa,"01/01/2017 10:03:29"
"Mukesh Pathak",MikeMozmicky,"05/07/2015 09:04:23"
"Sayan Chakraborty",jroratorio,"05/07/2017 10:44:29"
Mayur_khomane,Mayur_khomane_,"18/12/2014 12:49:27"
Ming-Xian,mingxian,"13/05/2008 17:49:54"
wapu.us,wapuus,"26/02/2016 04:27:35"
"ROHIT MOTWANI",rohittm,"06/03/2011 13:55:14"
"Girish Panchal",girishpanchal7,"01/12/2013 10:27:53"
"Nilesh Atkari",NileshAtkari,"23/10/2012 00:32:58"
Vishal,vdodiya03,"18/12/2012 13:20:05"
"NIKHIL BHANSI",NikhilBhansi,"07/01/2017 04:17:54"
eTestingAcademy,etestingacademy,"25/06/2017 11:32:32"
"Juhi Patel",juhi8487,"04/09/2016 04:05:20"
"rajesh v v",sreechakara,"23/11/2010 12:27:43"
"Tom J Nowell",Tarendai,"25/01/2009 21:59:30"
cekimdeyiz,cekimdeyiz,"14/10/2010 21:10:21"
"Nick Gernert",nickgernert,"22/07/2007 22:16:08"
"Maura Teal",mlteal,"11/01/2009 22:19:26"
"Dinesh Kumar Yadav",dineshinau,"03/08/2011 14:59:58"
imrazrais,imranans2,"30/03/2012 10:57:35"
"Deepak Gupta",raftaar1191,"06/02/2017 14:16:46"
"Jiya Rizvi",r_wajiha,"17/11/2011 01:47:59"
"Hammad Mashkoor",Hammad_Lari,"22/11/2009 09:39:06"
"Bluehost India",BluehostIndia,"05/09/2014 13:30:21"
"Chanpreet Kaur Rajpa",ChanpreetRajpal,"23/05/2017 15:08:10"
"kartik parmar",kartikparmar19,"10/07/2011 07:21:31"
"Vishal Kothari",tovishalck,"04/08/2009 17:24:57"
"sumitraसुमित्रा गढवी",sumitragadhvi,"10/03/2016 06:32:23"
"Rafael Funchal",RafaelFunchal,"05/05/2009 15:29:13"
Lappypad,lappypad,"23/09/2016 21:04:14"
"Tushar Bhambare",OnlineTushar,"27/08/2013 14:03:31"
graphypro,graphypro,"20/08/2016 05:54:18"
"Hari Shanker",HariShanker,"19/08/2008 07:42:15"
Saurabh,b_ulana,"11/05/2011 14:14:16"
"Abdul Rahman",pomy,"13/03/2010 08:04:53"
" Ajay Patel",ajaykalavadiya,"09/09/2010 14:16:08"
"Mansi Shah",MansiShah72,"25/07/2012 18:07:05"
"WordCamp Kanpur",wckanpur,"18/02/2017 05:28:05"
"rakesh ranjan",innovation_86,"07/08/2009 11:16:45"
"Leonel Costa Braz",leonelbraz,"24/03/2009 16:57:07"
"Jonathan Wold",sirjonathan,"22/04/2007 20:58:43"
"Karan Sachdev",karansachdev,"06/04/2009 17:31:32"
"Corlos Zudin Jr",Cortevez,"13/03/2011 10:11:59"
ramesh,ramesh_munian,"06/04/2017 09:54:10"
"Harsh Bhatt",harshbhatt73,"11/11/2016 05:46:13"
Thomas,Thomas_VirtuBox,"11/07/2010 15:45:53"
"softech mukul",softechmukul2,"22/03/2017 09:14:24"
"Hardeep Asrani",HardeepAsrani,"09/05/2010 11:05:32"
"Aravind Ajith",aravindajith,"07/11/2007 01:29:23"
"Darshan Dodiya",drsndodiya,"17/11/2016 08:52:24"
fargoo,fargoo9,"22/02/2017 16:40:09"
"Media City",MediaCityIn,"27/10/2014 11:30:47"
"Solwin Infotech",SolwinInfotech,"15/04/2011 05:20:05"
InboundWP,inboundwp,"09/05/2016 17:53:44"
"Sameer Malkani",SamMalkani,"18/10/2016 08:20:46"
"Sumeet Shroff",PrateekshaWeb,"11/06/2014 11:47:47"
"Saiprasad B",sai_cosmo,"14/05/2013 08:51:55"
"Ronit Passwala",ronit87,"21/02/2010 02:44:06"
"Dipak Rahangdale",DipakRahangdale,"17/11/2012 19:19:43"
#Jais,sujit_jaiswar,"20/11/2014 06:05:27"
"Ankit Agarwal",ankit4uall,"04/09/2011 02:05:20"
"vicky singh",vickysi1787,"25/03/2017 07:44:36"
"vishal mendekar",vishal982670049,"30/09/2011 04:53:41"
"Tarun Parswani",ParswaniTarun,"13/02/2014 01:25:37"
"Prathamesh Palve",palvepratham,"24/09/2016 08:47:01"
"Antony Agnel",thewpfan,"17/06/2016 13:54:27"
WPPersona,WPPersona,"06/01/2016 18:02:54"
ReidosAfiliados,ReidosAfiliados,"26/01/2014 21:58:37"
"Bluefan Creative",BluefanCreative,"05/02/2016 00:29:36"
"Alkesh Miyani",miyanialkesh7,"24/05/2010 11:24:45"
"Naveen Giri",1naveengiri,"25/12/2016 05:41:24"
"upnrunn technologies",upnrunnHQ,"01/03/2017 17:00:20"
"malfhoi Fouster",malfhoi,"23/02/2017 17:21:31"
"Edwind Richzendy",Richzendy,"24/07/2009 21:44:40"
"Midhun Mohan",Im_Midhun,"06/05/2010 12:12:38"
"Parth J Pandya",ImParthPandya,"31/07/2014 11:13:01"
"Vipin George",vipinonline,"20/05/2009 03:21:21"
"Oscar Lobo",oscarjmlobo,"06/04/2012 08:16:13"
"Rashmi M",_rushmee_,"26/12/2015 07:19:36"
"UTKARSH JAIN",COOLDUDEUTKARSH,"01/08/2009 06:10:39"
"Orion Technosoft",Oriontechnosoft,"02/02/2017 06:08:41"
"Shital Marakana👩‍💻🇮🇳",shitalmarakana,"25/03/2014 14:08:41"
"Rahul Bansal",rahul286,"20/06/2007 09:06:35"
"Varun Dubey",vapvarun,"16/04/2009 06:59:43"
"Alan Lee",Loop37Alan,"01/02/2017 22:40:32"
"Jignesh Nakrani",JigneshNakrani1,"27/02/2012 06:31:12"
"Katz Kawai",katzkawai,"08/04/2007 21:34:07"
"Pratik Gandhi",pratik_1411,"20/06/2011 13:50:55"
"Nimesh Patel",Nimesh2615,"11/11/2016 09:03:31"
"Divyadeep Sawhney",divydeepsawhney,"15/03/2013 11:57:36"
"MindGrove eSolutions",MindGrove,"13/08/2012 15:34:40"
"hardik biyawat",hardikbiyawat,"09/07/2016 04:54:48"
"Monika Rao",MonikaRao13,"28/08/2015 11:29:34"
bishopotamus,bishless,"23/01/2007 18:43:28"
"Devin Walker",innerwebs,"15/10/2009 23:08:17"
"Vatsal Parekh",VatsalParekh1,"20/09/2012 16:37:33"
"Anil Parmar",abparmar99,"13/10/2010 16:48:07"
"Suraj Deshmukh",SurajDeshmukh0,"12/10/2016 11:39:04"
"Nidhi Jain",jainnidhi03,"14/09/2016 06:06:37"
"Web Dev News 📰🗞️",webdevnewz,"06/01/2014 13:41:28"
"Dharmesh Patel",iamdharmpatel,"04/10/2013 17:01:40"
"Marijus Nezmanov",cloudhostingas,"15/05/2015 00:11:59"
"Nagesh Pai",nagpai,"13/12/2007 09:29:06"
"Jenil Calcuttawala",jenil777007,"20/08/2009 14:06:39"
"Anant Lalchandani",anantl007,"04/12/2016 12:52:09"
Nate,ndh01,"19/04/2009 21:47:07"
Host4Geeks,Host4Geeks,"30/05/2012 19:07:39"
"Deepali ",Deepali31163531,"26/11/2013 14:26:00"
"RS Dev Tech",RSDevTech,"23/12/2016 10:04:23"
"ovie rdp",RdpOvie,"13/01/2017 02:17:44"
"Rishabh chandrayan",rishabhlavi,"16/04/2011 17:04:31"
"Anjali rastogi",theanjaleo,"04/07/2011 14:55:55"
"Kiran Potphode",KiranPotphode,"14/09/2013 07:26:06"
"Raspal Seni ツ",raspalwrites,"08/08/2013 14:45:53"
"Santhosh Veer",santhoshveerece,"07/03/2012 15:08:43"
"EG Solutions",egsolutionsAu,"18/04/2016 22:32:22"
"Mayur Keshwani",mayur_keshwani,"22/06/2012 05:20:28"
"Luis Cestou",LuisCestou,"17/10/2012 03:30:54"
Pritect,Pritect,"28/10/2014 19:32:34"
"WordCamp Kochi 2018",WCKochi,"14/10/2016 14:10:46"
PlusPlugins,PlusPlugins,"03/11/2015 09:54:59"
wp-stack,wp_stack,"07/12/2016 13:15:02"
"Chetan Satasiya",SatasiyaChetan,"08/05/2014 09:39:15"
Packet,packethost,"25/06/2014 03:56:12"
InstinctDigitalMedia,InstinctDM,"13/03/2014 16:49:56"
"Babar Ali Bhayio",wordpress_demo,"10/11/2016 21:47:13"
"Chirag Patel",_chiragpatel,"06/09/2010 13:43:50"
"Nirmal Desai",nirmaldesai2,"28/08/2012 09:24:08"
"Udit Jain",Udit_here,"15/10/2016 19:30:41"
Paul.Adam,PaulAdam0,"11/10/2016 10:26:58"
"Divya prakash singh",Divyaprakashs12,"11/02/2014 01:20:40"
"sagar Devkar",devkarsagar396,"10/11/2016 13:51:11"
"Mohsen Ghiasi",tuxiblog,"07/11/2016 18:04:48"
Rhácius,rhacius,"20/03/2007 20:01:57"
"Antouan Anguelov",multhinking,"23/03/2015 18:27:02"
"Navaneetha Krishnan",imnavaneethan25,"26/10/2014 11:41:34"
"Alternative News",Alt_News_TK,"24/03/2014 23:50:11"
Sagar,sagarkbhatt,"25/11/2015 11:39:51"
"Sayed Taqui",sayed_taqui,"04/08/2013 16:44:18"
"John Paul Latham",JPLatham7,"23/02/2013 17:31:08"
"Trent Mackness",TrentMackness,"12/10/2012 13:27:47"
"Hung Vu",vunamhung84,"01/06/2016 04:39:08"
"Malay Ladu",malayladu,"29/08/2009 21:10:22"
naveen,nabugiri,"19/10/2013 14:32:44"
"Tamal Dey",tamal3053,"27/02/2011 05:31:38"
"Dhaval Parekh",dhavalparekh93,"12/01/2014 03:39:25"
"kaustubh patil (K.D)",kaustubhp610,"19/05/2013 18:08:56"
"Pankaj Choudhary",pankajacks,"02/09/2016 04:28:38"
"Anto P Joseph",antopjoseph,"08/08/2009 05:18:01"
"Kailan Wyatt",kailanwyatt,"14/09/2016 20:58:54"
"Nam Mai",nammdp,"01/10/2011 02:02:37"
WinePlanet,thewineplanet,"10/07/2015 20:08:28"
"Learn New Relic",Learn_NR,"26/02/2013 00:10:32"
"Pravin Dahadade",pravindahadade,"20/09/2014 14:37:20"
"Aleksandar Perisic",apsolut,"23/02/2009 01:18:18"
"WordPress Kochi",WPKochi,"04/10/2016 14:59:08"
"sona arora",svhnm,"18/05/2010 15:00:38"
"Winning WordPress",WinningWP,"04/03/2013 14:23:00"
"Kamlesh Kumbhare",actual_Kamlesh,"30/09/2016 11:52:54"
"Kamlesh Kumbhare",kamleshk1996,"30/09/2016 11:32:34"
"Beaver Addons",BeaverAddons,"25/09/2016 17:34:55"
"Karan Gadhavi",karan_gadhavi,"16/12/2008 05:33:32"
"Yash Hemnani",yash_hai_hum,"04/10/2015 11:27:29"
"amit sawlani",amitsawlani90,"24/10/2011 09:51:16"
AhmadAwais.js,MrAhmadAwais,"17/11/2010 15:07:38"
"Gourav Tiwari",GouravT20,"13/10/2015 22:12:23"
"Raj Nilayam",rajnilayam,"09/01/2012 11:47:30"
"V!D!T Sharma",withvidit,"25/05/2011 06:50:49"
"md tuhin",solder81,"24/09/2010 19:48:21"
"Sachin Artani",Sachin_artani,"19/11/2015 12:52:35"
SmallEnvelop,smallenvelop,"06/12/2013 18:01:01"
"swamee jee",Theindianguy06,"28/04/2015 16:13:58"
"CHINMAY PANDEY",PANDEYCHINMAY4,"11/03/2016 06:28:24"
"Suyogya Shukla",suyogyashukla,"02/10/2010 01:01:10"
"Dct Wasif",dct_wasif,"24/09/2016 11:46:52"
"Mayank Khare",MayankKhare_,"17/07/2013 09:36:37"
"Jayesh D Chauahan",jayeshkrchauhan,"07/09/2009 13:50:19"
"Shaurya Tiwari",ShauryaTiwari15,"24/09/2016 05:15:37"
"poonam namdev",poonamnamdev2,"23/11/2012 17:59:16"
"Pankaj Kumar",themesmonk,"14/01/2016 18:19:48"
"SKT Themes",sktthemes,"05/07/2013 09:40:49"
"Suraj Gaiwad",suraj_gaikwas,"22/09/2016 20:33:15"
"Do Ha Son",hason_do,"03/07/2009 17:04:38"
"Dario Devcic",dariodev,"15/03/2009 00:20:36"
J.Ins,joninsley,"25/01/2011 17:05:45"
"Pankaj Desarda",iampnkj,"02/07/2011 18:06:03"
"Mateus Salvi",salvimateus,"05/10/2011 17:58:22"
"Puneet Sahalot",psahalot,"15/06/2009 06:12:36"
"Sajed Shaikh",Sajed_Shaikh20,"21/04/2013 11:40:44"
"WordCamp Udaipur",wcUdaipur,"05/08/2016 17:51:14"
Muzammil,skmuzammil4,"30/04/2015 03:23:22"
"David Wang",blogjunkie,"09/02/2007 11:29:30"
Smoodles,ilovesmoodles,"04/09/2009 04:21:48"
nquare,nquare,"17/08/2014 21:51:44"
Will,willxy,"07/04/2009 00:49:59"
"(((Ant Miller)))",meeware,"05/03/2007 16:20:22"
"Peter Wilson 🏳️‍🌈",pwcc,"03/04/2008 05:47:10"
"Thomas Smith",TTomEdwardSmith,"18/04/2009 23:08:56"
"Sumit Singh",_5um17,"19/06/2015 06:39:23"
"Naushad 🔥",NaushadMadakiya,"29/02/2012 15:22:30"
macbroadcast,macbroadcast,"19/08/2007 22:51:40"
"bhargav bhandari",bhargavbhandari,"24/06/2011 19:33:23"
"Sandeep Kumar",phoodiemonk,"29/11/2015 11:50:43"
"Deepti Boddapati",DeeptiBoddapati,"16/08/2012 19:54:59"
"Allan Almeida",allanalmeida0,"15/08/2011 23:08:39"
AnyStack,anystack_web,"20/05/2016 15:57:47"
"Saket Jajodia",Jajodia_Saket,"23/05/2010 10:31:55"
"Vajrasar Goswami",vajrasar,"23/12/2010 07:28:13"
"Dougal Campbell",dougal,"03/12/2007 21:18:25"
"Anthony Moore",amooreTO,"10/07/2011 20:38:50"
"Andrea Lee Bishop",andrealee_b,"31/10/2012 16:43:25"
"Diệp Lê",dieplt,"16/09/2015 10:01:45"
"Startup Eventz",StartupEventz,"04/05/2016 04:22:11"
"Russell Heimlich",kingkool68,"13/12/2006 19:56:58"
"Jeffrey B. Paul",jeffpaul,"06/04/2007 15:53:58"
Phil,philipjohn,"10/10/2007 08:48:07"
mzitom,mzitom,"10/12/2008 04:47:51"
"Nemanja Aleksic",kouteki_,"25/07/2014 12:56:58"
"Luis Rull",luisrull,"01/04/2007 18:31:32"
wioled,WIOLED,"26/01/2015 08:25:26"
"Tunbosun Ayinla",tubiz,"31/07/2009 14:11:01"
"Prasant Kumar Rai",prasantrai,"10/05/2012 12:41:36"
"akshat goel",akshat113,"15/04/2010 19:21:25"
"Edoc Service",EdocService,"26/11/2013 21:53:26"
"anand chandwani",anandchandwani2,"02/10/2015 12:16:39"
lazyycodder,ashu_0909,"17/06/2015 12:30:12"
"Edufive HashNetworK",hashNetworK,"10/09/2013 20:11:43"
"Joel James",Joel_James,"12/03/2014 10:09:41"
SuriHost,surihost,"31/10/2009 01:25:48"
"Mriyam Tamuli",mbtamuli,"01/11/2009 09:34:35"
Athanasiadis.me,eathanasiadis,"01/05/2009 08:13:36"
"Brian J King",brianjking,"10/06/2007 18:14:32"
ingobaab,ingobaab,"17/06/2008 11:20:23"
"yahil madakiya",yahilmadakiya,"16/07/2015 06:35:05"
"HUNAR TUBE",a2zcit,"04/05/2015 06:38:05"
bento,bento_shaw,"29/05/2013 03:31:37"
"I.Enys Untra",DingoSaar,"21/05/2011 00:11:20"
"Mustafa Inamdar",mustafainamdar,"20/09/2014 03:14:30"
kineticbrainmedia,kineticbraininc,"01/06/2016 15:15:09"
hedhili,_hedhili,"07/01/2014 07:20:04"
Digitalfox,digitalfoxteam,"31/05/2016 06:19:00"
"Matthew Walker",Matt_Walker,"14/05/2008 02:49:42"
"Vũ Nam Hưng",vunamhung,"05/03/2009 04:31:38"
"Bjorn Holine",Bjorn2404,"26/09/2008 19:41:50"
Gravitation,gravitationpro,"13/07/2013 11:20:27"
LimeSpot,LimeSpot,"29/08/2013 02:43:35"
"Udemy Coupons Master",coupons_master,"03/09/2015 12:34:46"
"Biz Ranker",probizranker,"02/03/2016 03:26:32"
"Guru Ayarekar",guruayarekar,"03/05/2016 13:35:16"
"Oli Haslam",TELivising,"20/12/2010 19:11:20"
"Michael Hein",ideenwerk,"06/04/2009 09:32:40"
"Andrew Hubbell",AndHub,"24/02/2009 18:24:04"
TheUrsulineSisters,OSUyoungstown,"09/04/2012 14:48:16"
WPoet,wpoets,"13/12/2010 14:22:57"
"Ken Ng",KenSimply,"01/05/2014 03:05:42"
OujdaGalerie,OujdaGalerie,"03/07/2012 14:18:06"
"Ajna Center",AjnaCenter,"16/03/2015 10:30:55"
Dimitris,dimitrisbak2,"25/09/2014 11:31:52"
"WordPress Wing",Wordpresswing,"09/02/2016 05:35:39"
"Grateful J's",GratefulJs,"29/11/2012 17:22:08"
"Joel Abreo",summon_joel,"30/03/2016 09:31:37"
alex,alexkponline,"11/09/2011 01:16:36"
GRIDEB,GridebServices,"24/12/2011 10:11:35"
"amol challawar",amolchallawar,"21/08/2012 14:40:43"
"Toan Nguyen",grovepixels,"07/04/2014 04:32:37"
VictorThemes,VictorThemes,"04/02/2016 09:28:29"
"Tine Haugen",oslofishTO,"12/11/2007 12:01:41"
"Susheel Kumar",susheel_y,"18/03/2016 17:16:27"
"ABHINAV BHATIA",ABHINAVBHATIA10,"18/02/2011 09:19:46"
"Do It Right Slowly",doitrightslowly,"25/02/2016 09:47:25"
"Vaishali Agola",VaishaliAgola,"06/06/2013 13:18:11"
"Dr Milan B",milantheshrink,"16/07/2009 14:08:50"
"Logico International",LOGICO_INTL,"02/03/2016 06:10:55"
"TheMajestic SevenPHP",sevenphp_ltd,"17/02/2016 10:59:13"
"naresh aravindh",aaravindh777,"18/06/2014 04:24:44"
ADY,saveady,"29/01/2009 08:36:22"
"Anup Ashok Pohare",AnupPohare,"26/04/2013 08:02:50"
"Stock & Buy",StockAndBuy,"30/06/2013 12:37:17"
"Ferhat Selçuk AKBAŞ",fsakbas,"28/06/2008 10:23:37"
rpsingh,rpsingh05,"11/02/2016 09:19:49"
"Francois Wessels",franwess,"14/09/2007 10:43:36"
"vishal mukadam",vishalmukadam,"12/03/2011 16:51:51"
Goru,Gauravlr,"30/06/2011 18:38:01"
Netsweeper,netsweeper,"20/05/2011 14:58:50"
GlobalTalentPartners,GlobalTalentP,"28/10/2015 01:47:04"
"Calum Allison",calumallison,"16/05/2011 12:43:54"
"Project Panorama",PanoramaWP,"18/03/2014 13:22:14"
37designs,37designs,"09/11/2007 00:52:15"
"Ross Johnson",3pointross,"25/06/2007 15:37:09"
#Pune,hashPune,"22/02/2012 07:18:03"
sourcecodeguru,Sourcecodeguru,"08/09/2015 14:19:02"
Java2Career,Java2Career,"09/05/2012 11:41:36"
InfoLinux.ID,InfoLinuxID,"23/09/2015 15:51:38"
2Fwebd,2F_webd,"27/07/2012 17:38:41"
"Ryan Smith",RyanSmithPhoto,"15/09/2008 17:55:31"
"Leandrew Dixon",ldashdixon,"11/06/2014 23:32:12"
"Liew CheonFong",liewcf,"17/03/2007 21:33:26"
"Douglas Neves",douglasnev3s,"23/05/2009 00:14:05"
"Upload Wordpress",UploadWP,"26/09/2010 19:46:00"
WebberZone,WebberZoneWP,"16/05/2015 08:46:03"
"गोपाल शर्मा",gopalindians,"30/07/2010 18:51:52"
"Chaitany M. Gaikwad",ChaitanyM,"12/01/2014 14:33:16"
榕下白袍,Gbanyan,"31/03/2013 17:29:25"
thedailyhackers,thedailyhackers,"29/11/2015 03:46:07"
"Paragon Solutions",prgnsolutions,"27/09/2015 03:59:04"
Onisiforos,onisiforos,"31/10/2009 16:27:24"
"Erik Westlund",erikdbwestlund,"27/07/2009 13:42:56"
"Found Family Blog",foundfamilyblog,"06/12/2015 22:52:32"
"Ankit K Gupta",ankitguptaindia,"16/02/2012 14:55:46"
"WP Fellow",WPFellow,"28/09/2015 19:54:13"
"Dan Rempel",AngryZellers,"26/09/2015 20:12:38"
PoliticalFacts,PoliticalFacts,"25/10/2008 16:16:46"
pablitom,pablitom,"02/06/2008 04:06:53"
ddpc.dipak,ddpcdipak,"06/05/2010 15:20:20"
Pauly,thepauly,"13/07/2007 05:49:46"
"Krupa Nanda",krupa_javal,"18/05/2012 06:25:33"
"Weston Ruter",westonruter,"30/01/2008 21:25:15"
"Brad Nagle",nagle_brad,"02/09/2014 02:54:13"
Paarth,nightsun48,"16/10/2009 23:13:59"
MEVN,Developer7AI,"10/10/2014 18:30:01"
"Jitesh Patil",JiteshPatil,"25/02/2010 03:41:20"
"Mike Onslow",mike_onslow,"14/08/2012 00:59:28"
"Pippin Williamson",pippinsplugins,"06/05/2011 14:01:32"
"Yoren Chang",1fixdotio,"21/12/2013 15:21:20"
"Jake Jackson",jakejackson__,"11/11/2015 06:04:38"
"Lucio Roma",luciosroma,"23/06/2013 13:00:01"
Jorgy,jorge_whitely,"06/11/2015 09:28:03"
"David Egan",DavidRedBranch,"25/03/2011 10:46:49"
Helmi,helmi,"10/03/2007 11:40:24"
KnowledgePower,knowledgepowers,"19/05/2014 19:07:58"
"Simon Bouchard",simonbouchard,"26/05/2008 14:06:50"
"Harsha Vardhan",harsham,"04/02/2008 06:21:12"
KDC.in,kdcin,"17/07/2010 19:16:41"
rtTestPilot,rtTestPilot,"26/10/2015 10:10:33"
"MD MUZAFFAR HUSSAIN",MDMUZAFFARHUSS1,"20/09/2013 13:37:55"
"AG'S Tech World",agstechworld,"23/06/2013 15:01:37"
A.Kunde,AKunde74,"03/03/2015 09:43:28"
Pseric,Pseric,"16/11/2007 03:10:24"
"Cristian O. Balan",oviliz,"29/03/2009 21:34:42"
Diego,dmgonzam,"12/04/2007 00:12:46"
zfkjswf,zfkjswf,"28/05/2014 14:12:42"
paavani,Paavanich,"15/11/2014 14:34:37"
"Franco Gilio",fgili0,"26/05/2011 18:53:02"
"Trevor Black",CyberBoss_,"17/11/2012 01:24:27"
"sandip koladiya",Koladiya_Sandip,"29/07/2014 04:48:31"
"Shweta Agrawal",ShwetaA_07,"27/09/2015 12:13:03"
"Cosmin Mandricel",CosminMandricel,"06/11/2014 08:49:59"
"Audi Lu",mrmu,"08/05/2008 01:27:25"
"Rahul Yalshetty",DrdlRahul,"24/01/2013 07:14:58"
Knowlarity,knowlarity,"14/05/2010 12:52:46"
"Alishaa Arora",iamalishaaarora,"15/09/2015 14:09:47"
"Entrepreneur Geek",niravmehta,"07/06/2008 12:46:30"
"George Baily",georgebaily,"24/03/2008 03:35:00"
"Jatin Kaklotar",jatin_kaklotar,"25/08/2013 05:46:14"
"Sanket Parmar",Sanketio,"12/09/2010 17:02:06"
"ÁleX JenKinS!!",AlexJenKiinS,"17/02/2011 14:52:15"
"Juhi Saxena",juhi_se,"03/04/2015 09:04:34"
"vishal tanaji patil",patilvishal25,"15/04/2015 18:40:06"
"Nebu John Thaliyath",twittnebu,"11/04/2010 14:56:04"
"Ganesh Kerkar",ganeshkerkar,"11/06/2011 14:35:04"
"adarsh surania",adarsh_surania,"17/10/2012 08:39:18"
Subharanjan,subharanjanm,"28/11/2011 06:17:51"
"Lukas Priyambodo",lukaspriyambodo,"08/07/2009 06:16:11"
Bigul,mbigul,"22/09/2009 13:03:32"
swapnil,swapnil2sutar,"07/11/2011 15:18:01"
Prashant,prashant2508,"06/01/2010 09:10:00"
"Suhruudh Potdaar",suhruudhpotdaar,"09/12/2009 03:39:36"
"Abhishek Deshpande",Fitehal,"15/07/2008 14:03:02"
rino,o0rino0o,"06/09/2012 21:49:02"
"dave diedrich",couch_dude76,"20/05/2015 08:46:52"
Adnane,adnane86,"13/09/2010 01:09:33"
khyati,galakhyati,"09/09/2010 01:30:11"
"Varun Srinivas",varun1505,"13/11/2012 16:29:06"
"Vaishali Mangukiya",VMangukiya,"19/11/2011 07:43:36"
Rafa,rafa3d,"01/06/2007 11:16:50"
"Daniel van Dorp",djvdorp,"28/10/2009 18:35:51"
"Varun Krishnan",varunkrish,"29/03/2007 11:00:55"
"Gravity PDF",GravityPDF,"30/03/2015 10:02:08"
Stefano,Io_Jedi,"26/10/2011 14:10:31"
"Sathish Nagarajan",sathishn,"11/12/2007 07:09:29"
Unknown,Kraziegent,"22/12/2009 17:45:55"
ankit,ankit__maru,"22/07/2012 16:40:14"
"Leo Frank",leo_frank_,"26/07/2015 19:18:57"
"Luis Rejas",LuixSP,"26/06/2012 20:25:40"
HeroPress,heropress,"10/02/2015 19:25:39"
"Yates Design",DesignYates,"29/04/2013 08:17:28"
"Makarand Mane",mkrndmane,"07/09/2011 15:20:26"
WPdrift,wpdrift,"13/04/2012 04:07:41"
"A Guy Called Kraft 🏅",Kraft,"15/10/2007 01:28:20"
"Nirmalya Ghosh",nirmalyaghosh23,"13/10/2012 16:36:10"
"M Asif Rahman Ⓦ",Asif2BD,"07/01/2009 21:42:57"
CloudWok,CloudWok,"16/03/2013 09:59:39"
Twisitr,twisitrapp,"25/02/2013 20:33:28"
Miya,mrmiyagui,"18/05/2009 20:46:04"
WebFanzine,wfanzine,"01/12/2011 10:32:05"
Ndha.IDFL,ndha_mella,"20/11/2009 18:44:01"
"Call Me AJ..",AmarjeetChavhan,"24/12/2012 19:26:31"
"Marlon Amancio",marlonlamancio,"10/07/2009 14:00:40"
"Blog That Matters",BlogThatMatter,"11/12/2012 08:54:58"
"Dr.Chinmay Barhale",Chinmay_psych,"17/06/2013 03:38:58"
wangbin,bin_wangs,"02/07/2015 14:47:08"
"Eurohotel Євроготель",lviv_eurohotel,"02/07/2015 07:54:15"
SKEPSOS,SkepSOS000,"08/04/2014 16:12:42"
"Manjit Kumar",__manjit__,"21/11/2014 23:08:12"
"Chaitanya Kulkarni",cdk4999,"17/09/2014 13:02:16"
"Héctor Giménez",hectorgial,"02/02/2015 11:40:21"
"Simon Dickson",simond,"17/01/2007 01:14:40"
"Ярослав Еремин",YaroslavEremin,"30/05/2013 05:56:51"
"Web Propelled",webpropelled,"31/08/2011 12:59:49"
"Alex Kuznetsof",ALoha_tube,"03/07/2008 17:17:50"
"Toni Haupt",cr3atechange,"04/12/2010 14:26:07"
"Remco Tolsma",remcotolsma,"17/05/2008 16:45:46"
"Darryl Zanuck",darrylzanuck,"21/05/2015 17:43:51"
"Florian Zabach",florianzabach,"21/05/2015 17:00:53"
"Marcos Vinícius G",marcosguarda,"31/08/2009 13:16:33"
Kain,challenges90,"25/12/2010 15:30:44"
"Dhaval kasavala",ImDhavalk,"20/05/2015 07:08:23"
"Abdulqader Kapadia",thekapadia,"30/11/2008 04:39:13"
"13 Llama Studio",13LlamaStudio,"24/10/2013 11:55:36"
"Kostas Papamanos",kpapamanos,"29/11/2009 15:03:14"
Deltaheads,Deltaheads,"28/04/2015 21:06:33"
"Alexandru Cotioras",AlexandruC92,"16/02/2014 12:36:30"
"Joel Lobo",joellobo1234,"07/06/2011 18:13:23"
Sachin,sachin_sangde,"17/06/2010 11:23:25"
"Nginx Guts Blog",NginxGuts,"22/01/2013 20:07:03"
"Emily White",IamEmilyWhite,"21/01/2015 05:54:29"
"Fernando Alescio",fnalescio,"21/12/2010 13:34:31"
"(((Twig Mac)))",twigmac,"24/01/2010 14:48:29"
"Muhammad Nezam Uddin",moulovi,"01/08/2008 02:26:57"
"Kristie Hill",heykristiehill,"27/04/2013 22:26:09"
"Diana Olinger",diana_olinger,"05/04/2015 18:36:13"
"Dipesh Kakadiya",DipsKakadiya,"22/11/2012 07:56:42"
"Tec Whisperer",TecWhisperer,"24/09/2013 09:11:25"
Yuvraj,evalsocket,"17/08/2011 07:42:30"
"Bill Ferrante",askbill,"14/12/2006 20:52:24"
"Rajeesh Rama Nair",rajeeshramanair,"11/05/2009 06:37:26"
"Sanjeev Gupta",Guptasanjeev9,"28/03/2015 13:02:58"
WPOven,WPOven,"18/06/2013 07:05:05"
"Prafful Gupta",praffulgupta29,"19/11/2009 06:15:44"
Chandra,chandrappatel,"07/06/2013 17:55:24"
"jayesh mule",jayeshmule,"28/03/2013 14:57:44"
"Eshana Naidu",EshanaNaidu,"16/09/2012 08:29:58"
"٠̩̩̩Яا☪⚉ ḍḁ ㅒД╰ṽᴬ®Е☡",RicodaHalvarez,"06/01/2012 14:22:23"
"Suresh Shinde",sdnshinde,"17/09/2014 05:20:55"
"Prasad Ajinkya",kidakaka,"28/04/2007 06:05:01"
!2@!-!!_!!_,rahulsprajapati,"13/09/2010 11:55:43"
"Simon Pollard",smp303,"17/03/2009 18:37:32"
"Egill E.",e18n,"17/02/2009 10:23:29"
"Mahangu Weerasinghe",MahanguW,"08/03/2015 12:46:41"
"Bhargav Gaikwad",bhargavgaikwad,"24/01/2011 12:32:48"
"Vinayak S. Agarwal",VinayakAgarwal_,"20/01/2013 09:16:32"
"Techy Sahil",TechySahil,"11/01/2013 12:17:05"
"Luis Heredia",lherediawoodwar,"22/09/2014 01:02:46"
Mobapper,Mobapper,"10/01/2013 06:54:03"
"Udit Patel",iamuditpatel,"04/10/2013 08:01:43"
"India Coupons",InCoupon,"05/02/2015 17:26:42"
"Print & Courier Co",printcourierco,"06/12/2014 00:25:10"
"Raj Kumar",7b16a561a11741f,"16/02/2015 11:30:22"
enderst,enderst,"22/11/2009 21:20:58"
"Carlos Gervet",CGervet,"11/04/2009 16:26:35"
"WordCamp Mumbai",WCMumbai,"15/10/2013 07:25:28"
"Chinzorig L.",cgdzin,"09/06/2012 05:47:30"
Marquis,OfficialMarquis,"07/04/2009 16:01:39"
MoneyManagerCapitali,Money_Manager_C,"30/01/2015 14:27:13"
"Swapnil V. Patil",swapypatil,"02/04/2011 03:17:18"
"surti javal",surtijaval,"06/05/2014 13:55:31"
"Junaid Bin Ghalib",Junaidhadrami9,"19/09/2014 10:29:55"
"BAMAJR LLC",bamajr,"19/10/2009 20:11:30"
"Vikram 👨‍💻",vikramuk,"11/04/2009 05:24:59"
"jorge Pina",jnetpina,"15/01/2015 13:50:59"
ITfee,itfee1,"06/12/2014 20:45:54"
"Ulrich Pogson",grapplerulrich,"03/06/2011 19:27:37"
"Ashish Tilara",TilaraAshish,"11/01/2015 07:09:01"
"Tal Sneed",noelement,"02/10/2009 23:58:46"
"Olive Earth",ideamoz,"21/10/2010 16:40:41"
"Unimpressed Mop",esmegma_picant,"01/04/2012 21:32:16"
"Forex Money Manager",oxydotco,"03/03/2011 17:50:26"
"rtBiz Helpdesk",rtbizwp,"25/12/2014 17:12:22"
YouthinFeed,YouthinFeed,"07/12/2013 19:51:25"
wptop.ru,wptopru,"20/12/2014 10:56:51"
"Vikas Srivastava",vikassri1508,"20/04/2014 23:43:54"
"Review Hell",HostReviewHell,"04/12/2013 23:23:03"
Jonathan,iouxui,"06/12/2014 01:23:23"
"Annuaire Sante",AnnuaireSante,"04/10/2014 02:22:14"
Speedcoin,Speedcoin,"17/04/2014 08:48:35"
"Nitesh Srivastava",niteshsri95,"13/11/2014 07:36:14"
"Javier Bórquez",javierbyte,"15/06/2011 20:01:26"
"Rastislav Lamoš",rasto_lamos,"16/05/2011 18:21:41"
"WP By Hand",WPByHand,"26/10/2012 02:33:35"
"GoUrl BitcoinGateway",CryptocoinAPI,"15/09/2014 14:57:29"
Sunit,chainznanz,"07/06/2013 09:36:34"
"Minh Bui",buithaiminh,"12/12/2008 15:47:01"
k0nsl,k0nsl,"02/02/2012 02:02:25"
Poshtone,poshtone,"05/04/2013 16:30:41"
"Glassdoor Employers",GDforEmployers,"14/03/2014 17:51:53"
"Seung Kuroun",RounSk,"29/07/2011 11:41:26"
"Shiva Palanisamy",CoffeeWithShiva,"05/01/2010 19:24:35"
WP-Answers,wp_answers,"08/07/2010 19:30:13"
"B Prakash Rao",prakash_rao11,"27/01/2010 13:38:31"
"Prakhar Vijaywargiya",yourprakhar,"25/02/2012 19:32:10"
"free screen sharing",Tinnalchowk,"31/01/2012 16:53:06"
"Cristhian Martínez",QROkes,"24/09/2012 23:41:33"
"Aigars Silkalns",AigarsSilkalns,"06/09/2011 08:19:11"
"Sunil G Deshpande",sgd1112,"25/09/2014 13:10:56"
"Christopher Frazier",ego093,"27/02/2008 17:33:30"
"Maruf Alam",NothingSecurity,"23/09/2011 19:06:43"
Gerald,DeclaredSane,"20/12/2011 14:23:23"
"Abhishek Sachan",AbhishekSachan3,"29/03/2012 06:00:25"
"Dele Agagu",deleagagu,"17/05/2009 19:22:30"
"Paresh Radadiya",yapareshya,"25/05/2013 13:25:53"
"karansinh vaghela",karansinhvaghe6,"17/03/2014 10:46:31"
AKS_Funds,AKS_Funds,"20/06/2012 18:53:34"
"Ankur Satija",ankur_satija,"24/08/2012 21:10:57"
"Arnab Bhadra",arnabbhadra13,"28/07/2014 07:50:59"
"Utkarsh ✧",Utkarsh_ME,"11/12/2012 08:40:05"
"Monark Singh Yede",Monarksingh,"23/10/2010 11:42:43"
"pradeep chakkarwar",balajifertilis1,"20/08/2014 15:35:53"
"shakeer arakkal",ayemmas,"21/12/2009 14:42:09"
"Rishi Pithadiya",rishipi,"17/07/2010 11:22:51"
"Ricardo Owl",ptowluk,"21/07/2014 00:37:52"
"Bon Voyage Thailand",BonVoyageThai,"02/10/2012 07:32:22"
"Nikhil Singh",nikthedev,"26/07/2013 09:30:21"
"Sandor Kovacs",arth2o,"22/01/2010 16:49:52"
"Patrick Nommensen",pnommensen,"20/12/2012 23:37:05"
"Godwin Paul Pinto",GodwinPaulPinto,"20/06/2009 12:07:53"
"Amit Dhanani",amitdhanani2012,"04/08/2014 07:36:22"
shrawan,shrawan185,"19/01/2014 20:18:30"
Opusbits,OPUSBITS,"30/07/2014 05:28:28"
"Adriano Batista",AJ_I_AM,"17/03/2009 01:37:35"
"Christopher Moura",christopher78,"17/04/2008 16:26:55"
Nicole,njpatten,"30/01/2014 22:41:51"
"sebastian agudelo",agudelo724,"12/11/2010 03:16:18"
Contra,avantcontra,"11/11/2007 07:29:51"
W3TechBuzz,w3techbuzz,"12/07/2014 19:33:03"
"Gaurav Ashtikar",gau1992,"21/04/2010 14:00:25"
"Harshad Yeola",harshadyeola92,"26/11/2013 12:56:58"
ModelTheme,modeltheme,"03/11/2011 00:21:37"
WebGuide4U,webguide4u,"03/03/2010 20:03:09"
"Hans van Eijsden",HansVanEijsden,"15/01/2009 20:12:26"
"Robin Mitra",robinmitra,"28/12/2008 15:19:49"
"Poonam Gaigole",PoonamGaigole,"02/12/2011 12:09:22"
"Jesse Michelsen",JesseTheDev,"19/09/2008 17:37:06"
Raghava,Raghava714,"23/11/2013 10:14:48"
"Ritik Khatwani",ritikkhatwani,"08/05/2009 18:16:40"
"Matt Radford",mattradford,"23/01/2009 09:07:12"
haribabu,haribabumscit,"05/02/2010 13:44:55"
Andreas,haxxtech,"22/06/2010 11:56:28"
"Sulaksh M More",moresulaksh,"12/11/2011 10:57:10"
Indexwp,indexwordpress,"09/04/2013 09:56:10"
"DNG Photo Magazine",fotodng,"08/04/2009 10:04:54"
"Lorenzo Giacomini",epifisi,"09/10/2008 15:56:29"
Sumeet,sumeet_sarna,"20/08/2010 05:34:30"
"harsh shah",harsh1802,"11/10/2011 21:10:07"
Pranali,pranali333,"10/11/2012 14:00:42"
irvnet,irvnet,"05/05/2012 02:51:50"
"Yash Saradva",wikiposts,"02/10/2013 09:27:44"
"Soeren F. Soerries",soe_soe,"15/06/2008 07:45:16"
"Mahevash Muses",MahevashShaikh,"29/09/2013 10:25:39"
"Mats Lidström",MatsLidstrom,"17/06/2011 13:31:03"
"Bill Cotter",billjcotter,"26/07/2011 02:44:27"
BlackMark.it,TheBlackMarkit,"16/11/2012 16:33:01"
"Erwan Lescop",erwanlescop,"05/04/2009 12:10:38"
niceMarko,niceMarko1,"25/04/2014 12:53:03"
"Ratnesh Sonar",ratneshsonar,"13/01/2010 10:24:58"
"Biswajit Ku. Mandal",BiswajitKuManda,"25/03/2012 06:02:18"
"Jenifer Sharmin",Jenifer667,"04/05/2014 16:09:11"
"Eran Schoellhorn",swellhorn,"03/10/2011 23:37:33"
"Dave Naylor",Caramboo,"31/05/2008 11:29:57"
"Ajinkya Bhosale",ajinkya78,"03/08/2009 13:56:33"
"Adam 🇪🇺",_AJ9,"01/03/2012 16:22:05"
"Aveen kumar gowda",saganiranga,"09/01/2014 10:56:01"
"Surat On Web",suratonweb,"16/04/2014 12:22:55"
"YASH FALE",yash_fale,"09/07/2011 10:29:19"
"GR Imagine®",grimagine,"13/12/2013 08:48:24"
"Mats Thorburn",matteth,"15/11/2007 12:14:08"
"Suresh Kumar G",thesureshg,"19/07/2009 10:55:28"
"Avadhoot Kulkarni",avadhoot_kulk,"22/11/2009 11:00:47"
"Heather Acton",HeatherActon,"14/11/2008 02:47:04"
"Steve Edson",SteveEdson,"23/06/2009 11:17:13"
"Ben Radcliffe",BenRadUK,"07/02/2013 18:28:25"
CodeChutney,codechutney,"22/03/2014 14:11:54"
"Atul Kumar Pandey",gethow,"15/01/2013 04:03:22"
"Quaid Johar",Quaidjohar,"24/05/2009 02:26:56"
"Jatin Hariani",JatinHariani,"23/09/2009 07:20:01"
"Mallesh Girkabai",girkabai,"19/03/2014 03:49:15"
"Gaurav Rungta",_rungta,"12/10/2010 13:20:17"
"Siddhesh Thadeshwar",Super_Siddy,"28/06/2009 16:55:49"
Sanat,hSanat,"02/12/2008 07:24:59"
Grv,properlypurple,"21/05/2013 14:06:40"
"Nikhil Soman",NikhilSoman,"22/01/2009 07:42:51"
"Will MacMillan",willmacmillan,"18/11/2009 16:05:21"
"Xurvis IT Solutions",XurvisIT,"11/02/2014 04:33:32"
"manoj varma",ManojVama,"24/06/2013 06:31:18"
Manit,manit138,"28/05/2012 21:17:25"
Shubhamoy,shubhamoy,"22/06/2008 14:31:32"
Anees.v,Aneesv,"18/09/2009 15:36:25"
"Yashasvi Shah",iYashasviShah,"02/10/2013 17:09:57"
"Vanita Desai",vanita_desai,"22/02/2014 06:37:50"
"Aditi Sharma",sharma_aditi_t,"21/02/2014 15:59:29"
"Bek Online",bek_online,"06/02/2014 07:27:14"
"Viraj Motegaonkar",viraajm,"06/04/2009 05:14:42"
"Swaati Modi",SwaatiModi,"02/10/2013 11:07:27"
ITPrincis,ITPrincis,"11/02/2013 19:28:05"
Kaspars,konstruktors,"09/12/2008 10:52:24"
"Rajshree Bansal",rajshree248,"05/02/2014 09:58:52"
"Victor Petryk",victorpetryk,"17/05/2009 16:17:51"
Antonello,hack_the_cloud,"12/12/2011 21:31:31"
"Govpreneur India",Govpreneur,"24/06/2013 06:09:54"
"Hydrangea Hippo",hydrangeahippo,"23/11/2008 02:38:15"
fovoc,fovoc,"19/03/2012 14:03:31"
"Liam G",_LGoodwin,"27/01/2014 14:16:49"
"ruchi more",ru22more,"22/09/2011 19:41:29"
"Ahmad Zainalabdeen",iAhmadZain,"20/06/2009 13:04:33"
Munot,mtex_1,"10/10/2013 11:34:08"
"WP India",wp_india,"23/11/2012 20:27:33"
"Germán Santos ",crashbit,"26/03/2009 19:59:08"
"Bhaveshkumar Hari",btandelogin,"27/08/2013 10:36:30"
"Mitesh Shah",MiteshShah05,"08/02/2010 14:59:46"
"Jim Wagner",wagner60660,"22/11/2008 05:35:46"
"Damir Skorup",DamirSkorup,"09/07/2010 12:32:53"
"suraj ghule",_ghulesuraj,"07/04/2011 06:46:30"
"NAVIN PRABHAKAR",prabhakar319,"26/03/2012 18:39:05"
"Paul Davies",ithinklots,"25/05/2012 10:30:26"
"Balaji Bandewar ",bandewarbalaji,"15/11/2013 17:24:49"
"Ira Vyas",IraVyas,"17/09/2013 03:06:04"
Simplenet,simplenetwp,"09/10/2013 11:48:05"
"Haluk YAMANER",halukyamaner,"26/04/2009 17:47:31"
"Sagar Nargolkar",sagar_nargolkar,"23/04/2011 00:31:52"
WordPressChapelHill,WordPressCHill,"13/12/2010 22:25:11"
"Jason Coleman",jason_coleman,"23/08/2008 14:52:52"
"WordPress Consultant",WPThemeInfo,"12/11/2009 06:49:39"
"Naweed Chougle",N_Chougle,"07/05/2011 15:05:38"
sai,snyeinpe,"12/08/2013 11:54:57"
"Dave A Moore III",RongDesignCom,"05/06/2012 15:10:05"
"Nerd Life",nerdlifeblog,"27/08/2013 14:02:05"
"Amit Ranjan",amitranjan_,"25/10/2012 07:47:10"
"Project Assistant",Proj_Assistant,"26/03/2013 08:25:59"
"Woody Guthrie",WoodyGuthrie1,"01/06/2009 16:40:06"
ytetsu,ytetsu,"13/06/2007 04:35:06"
"Ritesh Patel",ritzpatel91,"01/07/2011 05:00:10"
"Prashant Patil",prashantdriver,"25/07/2013 13:16:46"
"Dr.Mukund Mundargi",mm_mukund,"26/07/2013 13:50:04"
"Nathan Graham",nathanegraham,"31/03/2009 02:54:46"
"Agência Infinito",AgenciaInfinito,"03/05/2010 00:58:23"
"David Huttleston Jr",chumpalump,"15/07/2009 18:15:44"
"Helping Nation",HelpingNation,"31/05/2013 10:51:02"
"Vinod Vinayak Dalvi",vinodvdalvi,"03/01/2011 13:14:30"
"Z N M",masegaloeh,"11/05/2011 16:21:44"
"Trend Marketers",TrendMarketers,"27/03/2010 06:26:22"
"Radhika Chamaria",radhikaagarawal,"19/06/2013 12:12:53"
"Cap'n Jacky",desaiuditd,"23/02/2010 04:35:46"
"Mital Darandale",MitalDarandale,"21/05/2013 09:07:18"
"James Pond",madponydotco,"11/07/2011 20:24:54"
FUNCSHUN,funcshun,"05/01/2012 19:38:24"
anantshri,anantshri,"10/09/2007 17:00:31"
fcbarcelone,AissaTaourarte,"12/05/2013 14:43:22"
"Vimal Doshi",VimalDoshi1989,"10/04/2013 12:29:24"
Hitu,hitupatel21,"07/05/2013 07:09:07"
"Yao Mawuto DABLA",YaoDABLA,"23/04/2013 10:14:02"
"Nguyen Tan Vy",mrmainnet,"21/12/2012 13:50:28"
"Daniel Conde",daconde2,"17/01/2012 14:52:30"
"David Martinez",macadanet,"01/04/2008 09:29:34"
"Melvin Rajiv",MelvinRajiv,"27/12/2012 08:04:42"
"Sir Klydington",klajdihena,"15/08/2009 16:53:20"
SudoSaints,sudosaints,"02/02/2009 13:22:50"
"Faishal Saiyed",saiyedfaishal,"16/01/2011 09:42:18"
"Jared Bennett",mrjarbenne,"05/01/2008 03:43:38"
Channing,BlueMountainBel,"14/06/2012 15:18:30"
"Sarah Bruce",SaraBruceWayne,"15/12/2012 09:11:09"
"Admiral Suites",AdmiralSuitesIN,"04/03/2013 07:13:30"
"Damanjit Singh",damanjitsingh96,"23/04/2012 12:22:36"
"Tiago Almeida",tigaszzz,"15/09/2010 14:35:58"
"Puneet Endlay",endlaypuneet,"08/02/2010 05:04:08"
"Yotam Tavor",Reysbro,"13/03/2009 09:00:02"
Filmonic,filmonic,"17/04/2008 19:54:52"
"Manpreet Singh",manpreetbhachoo,"19/11/2009 20:13:37"
"gorav kumar",goravkumar18,"07/02/2013 06:02:16"
"Jitender Kumar",jkumar_99,"22/06/2009 02:54:27"
"Nathaniel Varona",nathanielvarona,"16/06/2009 06:46:31"
"Soumya Pratihari",Bapun,"11/12/2008 07:47:59"
Roshni,roshniswadia,"08/05/2010 09:20:21"
"Abhishek Sharma",AbhisTweet,"09/07/2009 08:21:16"
"Wouter Schoot",WouterSchoot,"09/02/2010 21:31:52"
"Avijit Pandey",avijitpandey90,"05/05/2010 07:32:37"
"Liz Mahone",SEO77Style,"15/09/2010 20:40:58"
Asenar,asenar,"27/05/2010 15:41:44"
BenHen,BenHen75,"22/12/2010 10:54:18"
"Sandip Bastapure",sbastapure,"19/01/2012 12:34:12"
"Falko Timme",falko,"29/04/2007 11:23:45"
"joelma palmeira",PalmeiraJoelma,"21/07/2012 14:39:02"
"Phil King",PHILKING07,"11/04/2009 21:23:19"
InspirePay,inspirepay,"11/05/2008 23:17:42"
Saurabh,actual_saurabh,"22/02/2012 04:40:57"
"Ryan Bolger",rbolger,"15/09/2008 14:01:44"
"Tejas Deshpande",TejasD207,"18/10/2012 13:52:47"
"Anay Somvanshi",anziclone,"07/08/2009 20:12:09"
Bitwip,Bitwip,"29/02/2012 09:41:04"
amonghumans,jjayminn,"22/10/2009 06:28:40"
"Chris Vancoillie",ElesharCV,"28/08/2009 11:52:27"
mlsandreas,mlsandreas,"19/05/2010 18:56:52"
"Satish B Achar",technotip,"23/03/2008 06:39:16"
"Ardian Yuli Setyanto",ardianys,"31/08/2009 07:20:04"
"SMARTHER TECH",smarthertech,"16/07/2012 19:54:33"
"Vern Skeldon",VeronicaSkeldon,"19/10/2010 21:31:17"
"Miguel C.",Mike_C_PT,"31/10/2009 00:11:20"
anandbernard,anandbernard,"17/08/2010 14:38:42"
"Amor Selvagem",sexshopamorselv,"05/09/2011 23:16:43"
techibuzz,techibuzz,"06/08/2010 11:46:15"
"J'aime Kent",MrsKs_IonDesign,"01/04/2009 15:33:27"
"Misty Evans Design",MistyEvansDzine,"25/07/2011 22:58:33"
"Umesh Nevase",umeshnevase,"08/12/2009 13:21:01"
"nowlr music",nowlrmusic,"02/05/2012 10:02:48"
"Ramona Pinckney",WSN_Webinars,"01/07/2012 16:47:08"
"Julia Bird",jadorenatalia,"02/05/2009 19:25:15"
YumiChung,chungyumi,"06/05/2010 06:14:19"
"Steven Lozach",StevenLozach,"20/05/2009 00:16:53"
"Akshat Oswal",akshat_01,"14/09/2009 16:11:36"
ISPRIME,isprime,"27/04/2009 20:12:59"
Hugmon,hugmoncom,"18/02/2012 13:14:26"
Yuiphone,SHDComputers,"06/09/2009 20:30:33"
"warren knight",alljazzy777,"10/09/2009 23:18:27"
"Gail Metcalf",heartandsow,"30/10/2008 16:57:04"
MonoPBX,MonoPBX,"15/01/2012 12:14:32"
"Leah Frazier",TheLeahFrazier,"12/09/2010 02:02:28"
"Anne McCrossan",Annemcx,"30/04/2008 13:50:32"
"Yashwant Golecha",ygolecha,"13/09/2008 20:32:35"
"MS @hmed",msohel02,"07/09/2011 07:26:53"
김냥(^w^)v,upperballad,"11/10/2011 00:06:47"
"PAULA SHENE",MANDYTHEALPHA,"13/07/2009 22:39:40"
VisionSafeCorp,VisionSafeCorp,"28/09/2011 19:32:56"
"Teo Yang",yangkl,"27/05/2009 02:04:18"
"Donggu Ha",Donggu_Ha,"04/06/2009 09:08:39"
"Prasad Nevase",prasad_nevase,"22/07/2010 05:15:01"
Newsfun,Newsfun_NL,"10/01/2012 15:34:55"
"HwaKyung Lee",HwaKyung7,"23/08/2010 15:59:41"
"Twana Blevins",TwanaBlevins,"04/03/2009 17:11:55"
"Abhishek kumar",abhishekfdd,"23/11/2009 22:36:51"
"Gaurish Sharma",gaurish,"07/05/2008 09:59:47"
"Finley Shirts",FinleyShirts,"25/03/2011 01:58:08"
"Brenda Willoughby",southernalamode,"20/01/2011 19:34:18"
"Heeoog Kim (Bruce)",atfg226,"19/07/2010 14:11:24"
"Ankit Bansal",abansal15,"26/09/2009 13:02:23"
"Mike Taylor",PastormikefcbcT,"04/02/2012 23:59:04"
"Satire Maniac",Luq_kaushik,"30/05/2011 05:20:34"
"Richard Dickinson",rpdtweet,"11/07/2009 10:24:22"
rtTest11,rt_test11,"02/03/2012 12:09:05"
Sudip,sudipfreelancer,"30/08/2010 17:19:49"
"Madhuli Ajay",madhuliajay,"17/06/2009 07:02:06"
"sadaf abdul jabbar",JabbarSadaf,"08/02/2012 07:16:59"
"Ankit Gade",AnkitGade1,"13/02/2012 07:44:18"
"prakash Bhande",prakash_rtcamp,"03/01/2012 07:04:02"
"E.Prem Kumar",tamiliniyane,"07/05/2010 10:53:40"
"Livedevelop Network",livedevnetwork,"17/01/2012 06:19:30"
"Octaviano Moniz",Octaviano,"20/06/2007 11:11:51"
"Cindy Pedraza",cindy_pedraza,"08/04/2011 04:36:25"
minuq,milot35,"07/03/2009 01:53:20"
"Terry Broyles",terryb999,"03/04/2009 16:49:50"
"David Changmo Ko",davidchangmoko,"06/07/2010 23:39:27"
"Charlotte Benoit",chaftshanghai,"04/05/2009 11:28:40"
"bhaetay chauhan",bhaetay,"21/05/2011 09:44:16"
bernardbergot,BerniBrito,"09/09/2011 05:54:21"
"Sarah Bowens",SarahBowens,"17/12/2011 21:59:37"
MAUREAU,vmaureau,"23/03/2009 16:35:20"
"Tushar Karemore",tusharkaremore,"19/03/2011 21:35:06"
"Fernando Ulloa",FerUlloa,"19/01/2010 21:33:55"
"Kim Han-sol",losnahtv,"29/10/2011 11:18:47"
"Sameer Joshi",samyajo,"05/05/2010 07:24:37"
"Calcio Planet",CalcioPlanet,"21/11/2011 10:47:26"
vinay,healthandcarein,"25/06/2010 15:23:29"
"Flavio Gambardella",fgambardella,"08/02/2011 11:07:46"
"Mimmo Claps",momobass,"10/11/2009 14:02:14"
"Naomi Berman",naomiberman,"02/09/2010 13:40:57"
배지수,paejisoo,"30/09/2010 05:42:04"
"Pratap Nikam",savevasundhara,"02/03/2010 06:50:58"
"George Curelet-Balan",curelet,"06/05/2009 01:16:55"
Angelina,Anqiie_Robles,"19/06/2010 23:04:26"
"Mono Bilişim",MonoBilisim,"06/02/2010 22:06:04"
"Miguel García",mkdesignst,"23/10/2011 04:21:33"
bader,Bader89,"27/06/2009 23:19:51"
"Mihaela V",miha3la78,"14/09/2011 11:12:28"
Eve,SugarByEve,"13/10/2011 19:19:47"
"Ritesh Dubey",bakaiti_master,"27/12/2009 06:54:17"
Mayank,mayank693,"30/12/2009 09:16:54"
"Ambar Khan",_ambarkhan,"21/05/2009 04:52:52"
"lidia kostina",liliya852,"22/05/2011 17:03:44"
"Rusty-Dawg Pet Prods",RustyDawgPetPro,"03/01/2010 17:16:35"
"Rakshit Thakker",RakshitThakker,"11/10/2011 01:47:24"
"Chirag Swadia",chiragswadia,"18/01/2010 09:41:03"
"Akbar Shareef",akbarmj,"10/07/2009 14:38:24"
"Ankita Sharma",AnkitaSharma06,"12/09/2011 10:09:48"
"WordCamp Jabalpur",wcjbp,"11/09/2011 05:53:29"
"Abhijeet More",abhijeet_tweet,"25/05/2010 04:59:49"
witslab,witslab,"11/11/2010 14:02:02"
"Kartik Bohra",kartikbohra,"05/06/2010 06:15:54"
"Uri Blackman",uriblackman,"05/07/2007 23:55:04"
"Ashwin Nimje",ashwinnimje05,"04/08/2010 06:00:46"
"Ingress Digital",ingressdigital,"30/09/2010 05:44:50"
"Virgin Reviews",VirginReviews,"24/06/2011 10:45:52"
"Saket Rathod",saketrathod,"17/04/2010 08:31:00"
"Sayli Tandale",saylitandale,"23/08/2010 15:27:51"
"Ashu सिंह",Iashusingh,"15/09/2009 17:53:41"
"Manpreet Singh",MsdSingh,"27/06/2011 22:59:42"
wordpressstop,wordpressstop,"23/05/2011 09:36:17"
"Reg Gupton",reggupton,"27/03/2009 23:12:22"
"Bram Warshafsky",BramWarshafsky,"23/01/2008 18:22:00"
"दैनिक आनंद नगरी",anandnagri,"01/06/2011 11:54:38"
"Rutwick Gangurde",tweetrut,"04/10/2010 11:25:27"
"Rishi Gopal",GopalRishi17,"03/08/2010 17:26:06"
"Diana Dai",daidaifu,"23/04/2011 03:18:33"
"Tattoo Nation",jtii2011,"09/04/2011 22:08:53"
"Vibin Reddy",Vibin_r,"09/02/2011 15:36:19"
"Sameer Joshi",illuminatus7,"03/04/2009 05:23:22"
Mwea,MweaBlog,"13/09/2010 18:51:06"
"Zinano for SEO",Zinano_SEO,"16/02/2011 16:26:44"
"Sandeep Kumar",Skumar220809,"22/08/2009 12:10:40"
"Richard Ivan Barrett",USA_WebDesign,"26/03/2010 18:17:49"
"Gajanan N. Sapate",Gajanansapate,"05/11/2009 06:17:20"
ActiveLabs,activelabs,"13/06/2010 02:50:57"
"Stephen Gonzalez",steph3ngonzalez,"13/05/2008 04:46:31"
RajKirti,rajkirtigohil,"03/06/2009 05:01:37"
"Organized Themes",organizedthemes,"20/12/2009 16:42:31"
"Swapna Khade",swapnadkhade,"13/04/2009 18:43:11"
"Ankit banjaraa",ankitdas123,"27/07/2009 07:43:02"
Manish,ManishSongirkar,"18/08/2010 10:45:25"
"DR: Web Design Leads",designrushuk,"25/11/2010 19:39:20"
sgddiaoc,sgddiaoc,"14/10/2010 14:23:19"
"Marshall Designs",marshalldzines,"16/07/2009 18:00:33"
diaocbds,diaocbds,"27/12/2010 07:00:47"
"Vikas Bansal",VVicky26189,"13/01/2011 14:22:11"
"Carlos El Halabi",carloselhalabi,"29/09/2009 20:16:44"
Ishpuneet,IshpuneetSingh_,"05/01/2010 10:38:46"
HoangLx,HoangLx,"07/10/2009 16:51:23"
chandrashekhar,techchand,"14/09/2009 06:24:29"
yuva,YuvaCircle,"26/09/2010 10:10:10"
"Paresh Nakhe",pareshnakhe,"06/02/2010 18:52:29"
"Michael Paul",AskMichaelPaul,"06/11/2010 16:01:33"
"marcu ioachim",starchim01,"11/03/2009 08:53:21"
ashwinisatkar,ashwinisatkar,"23/10/2010 02:41:09"
"Sandip Ransing",sandipransing,"12/02/2009 10:14:03"
"Bulent Sahin",wpthemess,"10/07/2009 13:49:59"
"enam ahmed",ahmedenam,"16/11/2009 12:05:42"
"Shanker Bakshi",ShankerBakshi,"03/02/2008 16:25:41"
"SNEHA SHUKLA HARDIA",snehashukla16,"14/10/2010 15:11:10"
"Bruno Ciano",brunociano,"18/05/2009 07:22:15"
"Wordpress Guides",wordpressguides,"14/09/2010 00:27:39"
"Jitendra Kumar",jitendra_kr,"29/08/2009 08:24:33"
"Tomir Kozakiewicz",tomirk,"16/04/2007 17:31:36"
"Manpreet Singh Rehsi",manpreetrehsi,"02/01/2009 03:31:23"
"money guide",topmoneyguide,"05/09/2010 09:39:10"
"Lori M Campbell🇺🇸",lorimc64,"05/08/2010 17:38:48"
"Nitun Lanjewar",nitullanjewar,"19/11/2009 05:51:30"
"Annisa Indri",AnnisaBlogger,"10/08/2010 07:51:25"
"WordPress Promotion",wppromotion,"10/07/2010 19:50:17"
Eddy,eddykodow,"08/05/2010 08:10:23"
"Jeremy Karyadi",imjerrz,"22/09/2009 17:01:07"
"Anshul Dixit",anshuldixit,"26/10/2009 11:45:00"
"Sean D Crehan",SDCrehan,"22/05/2010 18:41:38"
Radhe,pulser,"09/09/2008 13:33:23"
Technobrigade,Technobrigade,"20/07/2010 08:09:32"
neurowave,_neurowave,"11/06/2010 15:08:40"
"Sagar Jadhav",sagarjadhav27,"14/06/2010 09:42:58"
djarum,djarum72,"05/08/2009 22:35:01"
"Tapan Bojja",tapan_bojja,"16/06/2010 12:09:12"
"Cyber Fundu",CyberFundu,"25/05/2010 08:41:05"
Callingallgeeks,Callingallgeek,"08/01/2010 00:48:01"
"Chandra Sekhar",sekharly,"28/05/2010 08:46:18"
FbKnol,fbknol,"21/09/2009 15:55:54"
"sameer patil",sameer3384,"06/05/2010 11:10:10"
"Pratap Singh",iGaze,"24/05/2009 16:45:47"
wpnginx,wpnginx,"08/04/2010 12:58:15"
"Bloggers' Army",BloggersArmy,"24/03/2010 10:25:20"
"Saorabh Kumar",saorabhkr,"19/05/2009 04:15:13"
"Pradeep Sonawane",Pradeep_Sunny,"25/11/2009 13:04:41"
"Nabeel Ahmed",mushiz,"26/07/2009 17:41:01"
"Migrate to Wordpress",migratetowp,"22/03/2010 19:01:30"
"Being D-Pac♕",deepaksainani,"01/07/2009 08:14:57"
"rtblogs network",rtblogs_network,"03/11/2009 08:16:24"
"Ashish Singh",ashishsingh0483,"24/09/2009 12:04:56"
"Kher Allen",kherallen,"03/02/2010 15:49:49"
umeshkatkar,umeshmaharaj,"26/02/2010 07:15:49"
"Hackers Enigma",HackersEnigma,"05/02/2010 13:30:30"
"Raj Subramaniyan",Quakeboy,"06/09/2007 04:47:11"
Activr.com,ActivR,"23/01/2010 01:17:17"
orkutdiary,orkutdiary,"31/12/2008 13:56:47"
"Connect Blogger",connectblogger,"10/01/2010 00:00:22"
"Orkut Tricks",tricksorkut,"13/11/2009 20:03:44"
Prasannan,tryprasannan,"05/11/2009 04:17:02"
shyammudliar,shyammudliar,"11/04/2009 06:48:52"
"Sri ganesh",sriganesh,"11/04/2008 10:16:12"
"Arjun S Kumar",arjunskumar,"28/09/2009 02:00:13"
"Vivek Jain",svivekjain,"12/02/2009 10:01:24"
"Pragati Sureka",pragati_sureka,"09/08/2009 09:44:04"
Adithya,aditalks,"05/07/2009 06:35:54"
"Akshay Raje",akshayraje,"29/06/2009 08:53:11"
"Gautam Gupta",thegautamgupta,"05/12/2008 16:27:18"
"Denis Xavier",denisthede2179,"20/06/2009 11:41:58"
"Gaurav Dua",gaurav_dua,"31/05/2009 18:47:15"
